feature,importance
DEW_C,0.7803403041352135
RH_PCT,0.21905186143035524
LATITUDE,4.5593260354165436E-4
PRECIP_MM,9.671745029455543E-5
SLP_HPA,5.518438059500005E-5
MONTH,0.0
HOUR,0.0
ELEVATION,0.0
LONGITUDE,0.0
WIND_SPEED,0.0
WIND_DIR,0.0
DAY_OF_YEAR,0.0
VIS_M,0.0
